"","curnum","ni","it","bf.new.null","boost.bigger"
"bf",200,48,1,59.759304994321,0.999895833333333
"bf",200,48,2,0.660032460135743,1
"bf",300,48,2,0.533365271533446,1
