"","curnum","ni","it","bf.new.null","boost.bigger"
"bf",200,48,1,9570.28492083484,0.9525
"bf",200,48,2,125.852052057682,0.99834375
"bf",200,48,3,3.19062939989623,0.9926875
